﻿Designator,Footprint,Quantity,Value,LCSC Part #
A1,RaspberryPi_Pico_Common_Unspecified,1,RaspberryPi_Pico,
C1,C_Axial_L5.1mm_D3.1mm_P10.00mm_Horizontal,1,0.1u,
"J1, J2",JST_PH_B3B-PH-K_1x03_P2.00mm_Vertical,2,Conn_01x03_Pin,
J3,JST_PH_B2B-PH-K_1x02_P2.00mm_Vertical,1,Batt,
"R1, R2, R3",R_Axial_DIN0207_L6.3mm_D2.5mm_P7.62mm_Horizontal,3,10k,
"RV1, RV2",Potentiometer_Bourns_3296P_Horizontal,2,R_Potentiometer,
SW1,SW_Slide-03_Wuerth-WS-SLTV_10x2.5x6.4_P2.54mm,1,SW_SPST,
U2,CERDIP-8_W7.62mm_SideBrazed,1,LN393N,
